{
  "family": "hikvision-student-care",
  "networkMode": "awsvpc",
  "requiresCompatibilities": ["FARGATE"],
  "cpu": "1024",
  "memory": "2048",
  "containerDefinitions": [
    {
      "name": "hikvision-app",
      "image": "YOUR_AWS_ACCOUNT_ID.dkr.ecr.ap-southeast-1.amazonaws.com/hikvision-student-care:latest",
      "portMappings": [
        {
          "containerPort": 5000,
          "protocol": "tcp"
        }
      ],
      "environment": [
        {
          "name": "FLASK_SECRET_KEY",
          "value": "your_secret_key"
        }
      ],
      "secrets": [
        {
          "name": "CAMERA_PASSWORD",
          "valueFrom": "arn:aws:secretsmanager:ap-southeast-1:ACCOUNT_ID:secret:camera-password"
        }
      ],
      "logConfiguration": {
        "logDriver": "awslogs",
        "options": {
          "awslogs-group": "/ecs/hikvision-student-care",
          "awslogs-region": "ap-southeast-1",
          "awslogs-stream-prefix": "ecs"
        }
      }
    }
  ]
}
